{
	 "rootnode": {
		 "name": "minuteHand.obj"
		,"transformation": [
			 1
			,0
			,0
			,0
			,0
			,1
			,0
			,0
			,0
			,0
			,1
			,0
			,0
			,0
			,0
			,1
		]
		,"children": [
			{
				 "name": "Cube_Cube.001"
				,"transformation": [
					 1
					,0
					,0
					,0
					,0
					,1
					,0
					,0
					,0
					,0
					,1
					,0
					,0
					,0
					,0
					,1
				]
				,"meshes": [
					 0
				]
			}
		]
	}
	,"flags": 8
	,"meshes": [
		{
			 "name": ""
			,"materialindex": 1
			,"primitivetypes": 4
			,"vertices": [
				 -1
				,7.78673
				,1
				,-1
				,-0.01327
				,1
				,-1
				,-0.01327
				,-1
				,-1
				,7.78673
				,-1
				,-1
				,7.78673
				,-1
				,-1
				,-0.01327
				,-1
				,1
				,-0.01327
				,-1
				,1
				,7.78673
				,-1
				,1
				,7.78673
				,-1
				,1
				,-0.01327
				,-1
				,1
				,-0.01327
				,1
				,1
				,7.78673
				,1
				,1
				,7.78673
				,1
				,1
				,-0.01327
				,1
				,-1
				,-0.01327
				,1
				,-1
				,7.78673
				,1
				,-1
				,7.78673
				,-1
				,1
				,7.78673
				,-1
				,1
				,7.78673
				,1
				,-1
				,7.78673
				,1
				,1
				,-0.01327
				,-1
				,-1
				,-0.01327
				,-1
				,-1
				,-0.01327
				,1
				,1
				,-0.01327
				,1
				,-1.6
				,7.78673
				,1
				,0
				,9.78673
				,1
				,0
				,9.78673
				,-1
				,-1.6
				,7.78673
				,-1
				,-1.6
				,7.78673
				,-1
				,0
				,9.78673
				,-1
				,1.6
				,7.78673
				,-1
				,1.6
				,7.78673
				,-1
				,0
				,9.78673
				,-1
				,0
				,9.78673
				,1
				,1.6
				,7.78673
				,1
				,1.6
				,7.78673
				,1
				,0
				,9.78673
				,1
				,-1.6
				,7.78673
				,1
				,-1.6
				,7.78673
				,-1
				,1.6
				,7.78673
				,-1
				,1.6
				,7.78673
				,1
				,-1.6
				,7.78673
				,1
			]
			,"normals": [
				 1
				,0
				,0
				,1
				,0
				,0
				,1
				,0
				,0
				,1
				,0
				,0
				,0
				,0
				,1
				,0
				,0
				,1
				,0
				,0
				,1
				,0
				,0
				,1
				,-1
				,0
				,0
				,-1
				,0
				,0
				,-1
				,0
				,0
				,-1
				,0
				,0
				,0
				,0
				,-1
				,0
				,0
				,-1
				,0
				,0
				,-1
				,0
				,0
				,-1
				,0
				,-1
				,0
				,0
				,-1
				,0
				,0
				,-1
				,0
				,0
				,-1
				,0
				,0
				,1
				,0
				,0
				,1
				,0
				,0
				,1
				,0
				,0
				,1
				,0
				,-0.7809
				,0.6247
				,0
				,-0.7809
				,0.6247
				,0
				,-0.7809
				,0.6247
				,0
				,-0.7809
				,0.6247
				,0
				,0
				,0
				,-1
				,0
				,0
				,-1
				,0
				,0
				,-1
				,0.7809
				,0.6247
				,0
				,0.7809
				,0.6247
				,0
				,0.7809
				,0.6247
				,0
				,0.7809
				,0.6247
				,0
				,0
				,0
				,1
				,0
				,0
				,1
				,0
				,0
				,1
				,0
				,-1
				,0
				,0
				,-1
				,0
				,0
				,-1
				,0
				,0
				,-1
				,0
			]
			,"tangents": [
				 0
				,-1
				,0
				,0
				,-1
				,0
				,0
				,-1
				,0
				,0
				,-1
				,0
				,0
				,-1
				,0
				,0
				,-1
				,0
				,0
				,-1
				,0
				,0
				,-1
				,0
				,0
				,-1
				,0
				,0
				,-1
				,0
				,0
				,-1
				,0
				,0
				,-1
				,0
				,0
				,-1
				,0
				,0
				,-1
				,0
				,0
				,-1
				,0
				,0
				,-1
				,0
				,1
				,0
				,0
				,1
				,0
				,0
				,1
				,0
				,0
				,1
				,0
				,0
				,-1
				,0
				,0
				,-1
				,0
				,0
				,-1
				,0
				,0
				,-1
				,0
				,0
				,0.624683
				,0.780879
				,0
				,0.624683
				,0.780879
				,0
				,0.624683
				,0.780879
				,0
				,0.624683
				,0.780879
				,0
				,-0.624695
				,0.780869
				,0
				,-0.624695
				,0.780869
				,0
				,-0.624695
				,0.780869
				,0
				,-0.624683
				,0.780879
				,0
				,-0.624683
				,0.780879
				,0
				,-0.624683
				,0.780879
				,0
				,-0.624683
				,0.780879
				,0
				,0.624695
				,0.780869
				,0
				,0.624695
				,0.780869
				,0
				,0.624695
				,0.780869
				,0
				,1
				,0
				,0
				,1
				,0
				,0
				,1
				,0
				,0
				,1
				,0
				,0
			]
			,"bitangents": [
				 0
				,0
				,1
				,0
				,0
				,1
				,0
				,0
				,1
				,0
				,0
				,1
				,-1
				,0
				,0
				,-1
				,0
				,0
				,-1
				,0
				,0
				,-1
				,0
				,0
				,0
				,0
				,-1
				,0
				,0
				,-1
				,0
				,0
				,-1
				,0
				,0
				,-1
				,1
				,0
				,0
				,1
				,0
				,0
				,1
				,0
				,0
				,1
				,0
				,0
				,0
				,0
				,-1
				,0
				,0
				,-1
				,0
				,0
				,-1
				,0
				,0
				,-1
				,0
				,0
				,-1
				,0
				,0
				,-1
				,0
				,0
				,-1
				,0
				,0
				,-1
				,0
				,0
				,1
				,0
				,0
				,1
				,0
				,0
				,1
				,0
				,0
				,1
				,-1
				,0
				,0
				,-1
				,0
				,0
				,-1
				,0
				,0
				,0
				,0
				,-1
				,0
				,0
				,-1
				,0
				,0
				,-1
				,0
				,0
				,-1
				,1
				,0
				,0
				,1
				,0
				,0
				,1
				,0
				,0
				,0
				,0
				,-1
				,0
				,0
				,-1
				,0
				,0
				,-1
				,0
				,0
				,-1
			]
			,"numuvcomponents": [
				 2
			]
			,"texturecoords": [
				[
					 0.375
					,0
					,0.625
					,0
					,0.625
					,0.25
					,0.375
					,0.25
					,0.375
					,0.25
					,0.625
					,0.25
					,0.625
					,0.5
					,0.375
					,0.5
					,0.375
					,0.5
					,0.625
					,0.5
					,0.625
					,0.75
					,0.375
					,0.75
					,0.375
					,0.75
					,0.625
					,0.75
					,0.625
					,1
					,0.375
					,1
					,0.125
					,0.5
					,0.375
					,0.5
					,0.375
					,0.75
					,0.125
					,0.75
					,0.625
					,0.5
					,0.875
					,0.5
					,0.875
					,0.75
					,0.625
					,0.75
					,0.375
					,0
					,0.625
					,0
					,0.625
					,0.25
					,0.375
					,0.25
					,0.375
					,0.25
					,0.625
					,0.5
					,0.375
					,0.5
					,0.375
					,0.5
					,0.625
					,0.5
					,0.625
					,0.75
					,0.375
					,0.75
					,0.375
					,0.75
					,0.625
					,1
					,0.375
					,1
					,0.125
					,0.5
					,0.375
					,0.5
					,0.375
					,0.75
					,0.125
					,0.75
				]
			]
			,"faces": [
				[
					 0
					,1
					,2
				]
				,[
					 0
					,2
					,3
				]
				,[
					 4
					,5
					,6
				]
				,[
					 4
					,6
					,7
				]
				,[
					 8
					,9
					,10
				]
				,[
					 8
					,10
					,11
				]
				,[
					 12
					,13
					,14
				]
				,[
					 12
					,14
					,15
				]
				,[
					 16
					,17
					,18
				]
				,[
					 16
					,18
					,19
				]
				,[
					 20
					,21
					,22
				]
				,[
					 20
					,22
					,23
				]
				,[
					 24
					,25
					,26
				]
				,[
					 24
					,26
					,27
				]
				,[
					 28
					,29
					,30
				]
				,[
					 31
					,32
					,33
				]
				,[
					 31
					,33
					,34
				]
				,[
					 35
					,36
					,37
				]
				,[
					 38
					,39
					,40
				]
				,[
					 38
					,40
					,41
				]
			]
		}
	]
	,"materials": [
		{
			 "properties": [
				{
					 "key": "?mat.name"
					,"semantic": 0
					,"index": 0
					,"type": 3
					,"value": "DefaultMaterial"
				}
				,{
					 "key": "$mat.shadingm"
					,"semantic": 0
					,"index": 0
					,"type": 4
					,"value": 2
				}
				,{
					 "key": "$clr.ambient"
					,"semantic": 0
					,"index": 0
					,"type": 1
					,"value": [
						 0
						,0
						,0
					]
				}
				,{
					 "key": "$clr.diffuse"
					,"semantic": 0
					,"index": 0
					,"type": 1
					,"value": [
						 0.6
						,0.6
						,0.6
					]
				}
				,{
					 "key": "$clr.specular"
					,"semantic": 0
					,"index": 0
					,"type": 1
					,"value": [
						 0
						,0
						,0
					]
				}
				,{
					 "key": "$mat.shininess"
					,"semantic": 0
					,"index": 0
					,"type": 1
					,"value": 0
				}
				,{
					 "key": "$mat.opacity"
					,"semantic": 0
					,"index": 0
					,"type": 1
					,"value": 1
				}
				,{
					 "key": "$mat.refracti"
					,"semantic": 0
					,"index": 0
					,"type": 1
					,"value": 1
				}
			]
		}
		,{
			 "properties": [
				{
					 "key": "?mat.name"
					,"semantic": 0
					,"index": 0
					,"type": 3
					,"value": "None"
				}
				,{
					 "key": "$mat.shadingm"
					,"semantic": 0
					,"index": 0
					,"type": 4
					,"value": 3
				}
				,{
					 "key": "$clr.ambient"
					,