{
	 "rootnode": {
		 "name": "pollyHill.obj"
		,"transformation": [
			 1
			,0
			,0
			,0
			,0
			,1
			,0
			,0
			,0
			,0
			,1
			,0
			,0
			,0
			,0
			,1
		]
		,"children": [
			{
				 "name": "Cube"
				,"transformation": [
					 1
					,0
					,0
					,0
					,0
					,1
					,0
					,0
					,0
					,0
					,1
					,0
					,0
					,0
					,0
					,1
				]
				,"meshes": [
					 0
				]
			}
		]
	}
	,"flags": 8
	,"meshes": [
		{
			 "name": ""
			,"materialindex": 1
			,"primitivetypes": 4
			,"vertices": [
				 0.976611
				,-1.70271
				,-3.30721
				,-0.989468
				,-1.7171
				,-3.30992
				,-2.68495
				,-0.687096
				,-1.77423
				,3.55361
				,-2.41771
				,-2.33207
				,2.65331
				,-1.38454
				,1.40263
				,3.55361
				,-2.41771
				,-2.33207
				,-2.68495
				,-0.687096
				,-1.77423
				,-2.65331
				,-1.38454
				,1.40263
				,-2.65331
				,-1.38454
				,1.40263
				,-2.68495
				,-0.687096
				,-1.77423
				,-0.989468
				,-1.7171
				,-3.30992
				,-0.04131
				,-5.69326
				,-0.069804
				,-0.04131
				,-5.69326
				,-0.069804
				,0.042082
				,-5.69419
				,-0.072707
				,2.65331
				,-1.38454
				,1.40263
				,-2.65331
				,-1.38454
				,1.40263
				,0.042082
				,-5.69419
				,-0.072707
				,0.976611
				,-1.70271
				,-3.30721
				,3.55361
				,-2.41771
				,-2.33207
				,2.65331
				,-1.38454
				,1.40263
				,-0.04131
				,-5.69326
				,-0.069804
				,-0.989468
				,-1.7171
				,-3.30992
				,0.976611
				,-1.70271
				,-3.30721
				,0.042082
				,-5.69419
				,-0.072707
			]
			,"normals": [
				 0.189
				,0.964
				,-0.1873
				,0.189
				,0.964
				,-0.1873
				,0.189
				,0.964
				,-0.1873
				,0.189
				,0.964
				,-0.1873
				,0.1468
				,0.9887
				,-0.0296
				,0.1468
				,0.9887
				,-0.0296
				,0.1468
				,0.9887
				,-0.0296
				,0.1468
				,0.9887
				,-0.0296
				,-0.8176
				,-0.5176
				,-0.2521
				,-0.8176
				,-0.5176
				,-0.2521
				,-0.8176
				,-0.5176
				,-0.2521
				,-0.8176
				,-0.5176
				,-0.2521
				,0.0005
				,-0.3236
				,0.9462
				,0.0005
				,-0.3236
				,0.9462
				,0.0005
				,-0.3236
				,0.9462
				,0.0005
				,-0.3236
				,0.9462
				,0.6134
				,-0.7721
				,-0.1662
				,0.6134
				,-0.7721
				,-0.1662
				,0.6134
				,-0.7721
				,-0.1662
				,0.6134
				,-0.7721
				,-0.1662
				,0.0041
				,-0.6306
				,-0.7761
				,0.0041
				,-0.6306
				,-0.7761
				,0.0041
				,-0.6306
				,-0.7761
				,0.0041
				,-0.6306
				,-0.7761
			]
			,"tangents": [
				 -0.97295
				,0.209616
				,0.0971069
				,-0.981971
				,0.185005
				,-0.0388011
				,-0.97295
				,0.209616
				,0.0971069
				,-0.97295
				,0.209616
				,0.0971069
				,-0.0462267
				,-0.0230232
				,-0.998666
				,0.260078
				,-0.0674625
				,-0.963228
				,-0.0462267
				,-0.0230232
				,-0.998666
				,-0.0462267
				,-0.0230232
				,-0.998666
				,-0.255846
				,0.718925
				,-0.64629
				,0.108466
				,0.291542
				,-0.950389
				,-0.255846
				,0.718925
				,-0.64629
				,-0.255846
				,0.718925
				,-0.64629
				,1
				,0.0001618
				,-0.0004731
				,0.999762
				,-0.0204796
				,-0.00753197
				,1
				,0.0001618
				,-0.0004731
				,1
				,0.0001618
				,-0.0004731
				,-0.0892726
				,0.14132
				,-0.985931
				,0.443289
				,0.510732
				,-0.736646
				,-0.0892726
				,0.14132
				,-0.985931
				,-0.0892726
				,0.14132
				,-0.985931
				,0.178969
				,0.764037
				,-0.619853
				,-0.18178
				,0.762704
				,-0.620676
				,0.178969
				,0.764037
				,-0.619853
				,0.178969
				,0.764037
				,-0.619853
			]
			,"bitangents": [
				 -0.939472
				,0.121968
				,-0.320181
				,0.713256
				,-0.265831
				,-0.648537
				,-0.939472
				,0.121968
				,-0.320181
				,-0.939472
				,0.121968
				,-0.320181
				,0.989167
				,-0.146731
				,0.00439287
				,0.984742
				,-0.148914
				,-0.0900432
				,0.989167
				,-0.146731
				,0.00439287
				,0.989167
				,-0.146731
				,0.00439287
				,-0.572397
				,0.777948
				,0.25915
				,-0.53325
				,0.515667
				,0.670621
				,-0.572397
				,0.777948
				,0.25915
				,-0.572397
				,0.777948
				,0.25915
				,0.497586
				,-0.820663
				,-0.280929
				,-0.497325
				,-0.820965
				,-0.280507
				,0.497586
				,-0.820663
				,-0.280929
				,0.497586
				,-0.820663
				,-0.280929
				,-0.784988
				,-0.572861
				,-0.235846
				,-0.666058
				,-0.392669
				,-0.634175
				,-0.784988
				,-0.572861
				,-0.235846
				,-0.784988
				,-0.572861
				,-0.235846
				,-0.999903
				,-0.0129036
				,0.00520197
				,-0.99998
				,-0.00632079
				,-0.000146917
				,-0.999903
				,-0.0129036
				,0.00520197
				,-0.999903
				,-0.0129036
				,0.00520197
			]
			,"numuvcomponents": [
				 2
			]
			,"texturecoords": [
				[
					 0.375
					,0
					,0.625
					,0
					,0.625
					,0.25
					,0.375
					,0.25
					,0.375
					,0.25
					,0.625
					,0.25
					,0.625
					,0.5
					,0.375
					,0.5
					,0.375
					,0.5
					,0.625
					,0.5
					,0.625
					,0.75
					,0.375
					,0.75
					,0.375
					,0.75
					,0.625
					,0.75
					,0.625
					,1
					,0.375
					,1
					,0.125
					,0.5
					,0.375
					,0.5
					,0.375
					,0.75
					,0.125
					,0.75
					,0.625
					,0.5
					,0.875
					,0.5
					,0.875
					,0.75
					,0.625
					,0.75
				]
			]
			,"faces": [
				[
					 0
					,1
					,2
				]
				,[
					 0
					,2
					,3
				]
				,[
					 4
					,5
					,6
				]
				,[
					 4
					,6
					,7
				]
				,[
					 8
					,9
					,10
				]
				,[
					 8
					,10
					,11
				]
				,[
					 12
					,13
					,14
				]
				,[
					 12
					,14
					,15
				]
				,[
					 16
					,17
					,18
				]
				,[
					 16
					,18
					,19
				]
				,[
					 20
					,21
					,22
				]
				,[
					 20
					,22
					,23
				]
			]
		}
	]
	,"materials": [
		{
			 "properties": [
				{
					 "key": "?mat.name"
					,"semantic": 0
					,"index": 0
					,"type": 3
					,"value": "DefaultMaterial"
				}
				,{
					 "key": "$mat.shadingm"
					,"semantic": 0
					,"index": 0
					,"type": 4
					,"value": 2
				}
				,{
					 "key": "$clr.ambient"
					,"semantic": 0
					,"index": 0
					,"type": 1
					,"value": [
						 0
						,0
						,0
					]
				}
				,{
					 "key": "$clr.diffuse"
					,"semantic": 0
					,"index": 0
					,"type": 1
					,"value": [
						 0.6
						,0.6
						,0.6
					]
				}
				,{
					 "key": "$clr.specular"
					,"semantic": 0
					,"index": 0
					,"type": 1
					,"value": [
						 0
						,0
						,0
					]
				}
				,{
					 "key": "$mat.shininess"
					,"semantic": 0
					,"index": 0
					,"type": 1
					,"value": 0
				}
				,{
					 "key": "$mat.opacity"
					,"semantic": 0
					,"index": 0
					,"type": 1
					,"value": 1
				}
				,{
					 "key": "$mat.refracti"
					,"semantic": 0
					,"index": 0
					,"type": 1
					,"value": 1
				}
			]
		}
		,{
			 "properties": [
				{
					 "key": "?mat.name"
					,"semantic": 0
					,"index": 0
					,"type": 3
					,"value": "Material"
				}
				,{
					 "key": "$mat.shadingm"
					,"semantic": 0
					,"index": 0
					,"type": 4
					,"value": 3
				}
				,{
					 "key": "$clr.ambient"
					,"semantic": 0
					,"index": 0
					,"type": 1
					,"value": [
						 1
						,1
						,1
					]
				}
				,{
					 "key": "$clr.diffuse"
					,"semantic": 0
					,"index": 0
					,"type": 1
					,"value": [
						 0.8
						,0.8
						,0.8
					]
				}
				,{
					 "key": "$clr.specular"
					,"semantic": 0
					,"index": 0
					,"type": 1
					,"value": [
						 0.5
						,0.5
						,0.5
					]
				}
				,{
					 "key": "$mat.shininess"
					,"semantic": 0
					,"index": 0
					,"type": 1
					,"value": 1296
				}
				,{
					 "key": "$mat.opacity"
					,"semantic": 0
					,"index": 0
					,"type": 1
					,"value": 1
				}
				,{
					 "key": "$mat.refracti"
					,"semantic": 0
					,"index": 0
					,"type": 1
					,"value": 1.45
				}
			]
		}
	]
}
